Mix Level,RPA,RCA,OA
0.0,88.2116794710267,92.25203117429281,51.93426658762562
0.1,87.2865579844899,91.624442335197,51.37016878395496
0.2,85.65932759132549,90.45940131935353,50.458391891213374
0.3,83.28226866550872,88.62253986865416,49.08462804715529
0.6,69.7811651516968,76.11464161215328,40.73273268673657
0.9,62.86540035868104,69.1337760827998,36.71303046223813
