Mix Level,RPA,RCA,OA
0.0,87.43246004009691,91.18436491228809,51.481392732328615
0.1,86.35225276750799,90.50495290686983,50.833394095753995
0.2,84.94203606086309,89.25317495998154,50.07113441156649
0.3,81.89943142570917,86.79717989503229,48.22132286489778
0.6,68.36263609414777,74.32573746569733,39.8403152688431
0.9,61.88494134290112,67.8799432325551,36.019594241632355
