Mix Level,RPA,RCA,OA
0.0,87.43246004009696,91.18436491228813,51.481392732328565
0.1,86.47259663630774,90.54754028173659,50.92124472341551
0.2,84.53199094628894,89.27019549973765,49.72420992625776
0.3,82.23269470049628,87.25840551786874,48.39251944948759
0.6,68.45269304262841,74.5156606881904,39.84239434904844
0.9,62.02701981808681,67.19967533519393,36.2020831264884
